name,position_x,position_y,position_z,orientation_x,orientation_y,orientation_z,orientation_w
goal1,-3.7,-1.2,-5.4,-3.0,-3.4,-0.0,1.0
goal2,-3.7,1.1,-1.8,6.0,-1.1,-0.0,1.0
goal3,2.7,-1.9,-8.3,7.5,-0.0,-0.5,0.8
goal4,-0.004256991861921373,2.639955128586722e-06,-5.162938035638276e-06,1.2301326376437007e-07,2.8026216433660218e-05,1.511864839621464e-05,0.9999999994929714
goal5,2.046493167186748,0.37725161676669866,-1.1658068539595334e-05,6.931528841865323e-05,-3.46934778753105e-05,0.7018935172259728,0.7122818855396412